locaux,0
sport,0
royale,0
espagnole,0
impact,0
tableau,0
façade,0
cycliste,0
russe,0
conférence,0
propre,0
entreprise,0
commission,0
voies,0
gestion,0
transport,0
expédition,0
version,0
licence,0
attention,0
pratique,0
conserve,0
ministère,0
partir,0
question,0
participe,0
remonte,0
banque,0
temps,0
autriche,0
langue,0
produits,0
vidéo,0
découverte,0
approche,0
italien,0
commandant,0
idée,0
moscou,0
recensement,0
club,0
classement,0
passant,0
socialiste,0
permis,0
arabe,0
profondeur,0
mondial,0
proximité,0
régionale,0
ouvert,0
assemblée,0
volume,0
estime,0
anglaise,0
précise,0
production,0
possible,0
vote,0
symbole,0
cinéma,0
culte,0
développé,0
affaires,0
philosophie,0
absolue,0
and,0
piste,0
nantes,0
places,0
fonds,0
met,0
von,0
publique,0
trouvé,0
épouse,0
japon,0
sportive,0
quotidien,0
totalité,0
nouvel,0
reçu,0
niveau,0
chant,0
seule,0
régional,0
album,0
saison,0
faible,0
unique,0
rôle,0
distance,0
opération,0
paix,0
der,0
internationale,0
oppose,0
difficile,0
mesures,0
pratiques,0
participation,0
school,0
espace,0
agence,0
top,0
succession,0
habitants,0
enregistré,0
formation,0
produit,0
portée,0
vaisseau,0
ceinture,0
aller,0
murs,0
objectif,0
étude,0
thème,0
belge,0
règne,0
intègre,0
commande,0
études,0
appellation,0
portes,0
soutien,0
genre,0
exploitation,0
chapitre,0
émissions,0
albums,0
heures,0
intérieur,0
endémique,0
faculté,0
perdu,0
circulation,0
occasion,0
sélection,0
dit,0
comité,0
canadien,0
maintenant,0
publics,0
but,0
récit,0
compositeur,0
doute,0
anglais,0
animation,0
cadre,0
annonce,0
collaboration,0
statut,0
figure,0
forme,0
san,0
trouve,0
seul,0
régions,0
vivant,0
inscrit,0
ouverture,0
argentine,0
londres,0
titre,0
ouverte,0
live,0
fond,0
composition,0
nombre,0
affaire,0
local,0
actuel,0
direct,0
excentricité,0
travaux,0
couple,0
observatoire,0
retraite,0
parallèle,0
conduite,0
émission,0
puis,0
collection,0
ait,0
automobile,0
scène,0
disque,0
italie,0
poète,0
jeune,0
scénario,0
étrangers,0
île,0
traité,0
défaite,0
part,0
entrer,0
représentation,0
augmentation,0
direction,0
féminin,0
entrée,0
emploi,0
numéro,0
opposition,0
position,0
secondaire,0
laisse,0
basket,0
esprit,0
sein,0
circuit,0
référence,0
débuts,0
évêque,0
format,0
ère,0
information,0
jazz,0
international,0
diffusion,0
parcours,0
preuve,0
perte,0
application,0
droite,0
réaction,0
sortie,0
présence,0
inscription,0
nécessaire,0
issus,0
région,0
exception,0
homonymie,0
polonaise,0
revenir,0
population,0
québec,0
musée,0
majorité,0
ancien,0
inclinaison,0
tournée,0
publication,0
orbite,0
espagnol,0
écosse,0
record,0
églises,0
manque,0
engagé,0
alliés,0
majeur,0
découvert,0
enregistrement,0
niveaux,0
église,0
royaume,0
italienne,0
physique,0
anciens,0
échec,0
couleur,0
armée,0
possibilité,0
condition,0
étage,0
donnée,0
jaune,0
compétition,0
limite,0
honneur,0
maximum,0
joué,0
intérêt,0
analyse,0
public,0
belgique,0
climat,0
membre,0
disposition,0
formule,0
journaliste,0
complète,0
populaire,0
discours,0
régiment,0
records,0
football,1
commandement,1
vice,1
suit,1
hommage,1
quartier,1
américaine,1
époque,1
paru,1
fut,1
monde,1
entier,1
race,1
arrive,1
réponse,1
actes,1
bâtiment,1
composé,1
principaux,1
bat,1
représentant,1
unité,1
fiction,1
mandat,1
millions,1
simple,1
moyens,1
européen,1
bout,1
orchestre,1
maisons,1
succès,1
fondateur,1
peine,1
revanche,1
frères,1
avance,1
autour,1
pièces,1
pièce,1
sainte,1
colombie,1
retour,1
animaux,1
enseigne,1
demeure,1
chinois,1
conduit,1
rares,1
spectacle,1
phare,1
influence,1
spécialiste,1
haut,1
centrale,1
choix,1
arrêté,1
bâtiments,1
entraîneur,1
côté,1
machine,1
américains,1
seuls,1
britannique,1
suite,1
presse,1
principales,1
simplement,1
consacré,1
immédiatement,1
lutte,1
relations,1
liaison,1
contrôle,1
studio,1
résultat,1
profit,1
allemagne,1
occupation,1
moyen,1
los,1
acte,1
victime,1
crée,1
médecin,1
primaire,1
étape,1
fois,1
américain,1
décembre,1
baie,1
unités,1
établi,1
complexe,1
texas,1
née,1
sœur,1
matin,1
enceinte,1
début,1
jeu,1
proches,1
nom,2
sommet,2
nouvelles,2
final,2
pris,2
totale,2
tennis,2
formula,2
amis,2
retourne,2
galerie,2
signé,2
donner,2
col,2
baseball,2
article,2
pression,2
allemand,2
tiers,2
total,2
beaux,2
bibliothèque,2
définition,2
tourisme,2
cause,2
août,2
combats,2
volonté,2
éducation,2
marché,2
sert,2
qualité,2
lettre,2
allemande,2
directeur,2
angeles,2
disparu,2
grande,2
amiral,2
académie,2
docteur,2
officiel,2
flotte,2
affluent,2
activité,2
forte,2
arts,2
vainqueur,2
corée,2
lettres,2
actif,2
protéger,2
pacifique,2
édifice,2
issue,2
destruction,2
performance,2
bande,2
parents,2
relation,2
title,2
princesse,2
existence,2
pyrénées,2
établissement,2
arrêt,2
ici,2
lac,2
voir,2
lois,2
établissements,2
iii,2
apparition,2
chanson,2
prise,2
matière,2
massif,2
afrique,2
hockey,2
devenir,2
blessé,2
camp,2
mise,2
protection,2
limitée,2
mieux,2
meilleur,2
manche,2
vendu,2
moteur,2
professeur,2
voiture,2
dynastie,2
sujet,2
objet,2
conséquence,2
large,2
grec,2
mode,2
autant,2
territoires,2
objets,2
espèce,2
mention,2
francisco,2
sortir,2
quantité,3
style,3
capable,3
secrétaire,3
absence,3
the,3
statue,3
dernier,3
propose,3
élément,3
cas,3
recueil,3
lancer,3
propriétaire,3
locales,3
identité,3
tourne,3
agglomération,3
initiative,3
données,3
rugby,3
nationale,3
personnage,3
créer,3
passe,3
rang,3
magnitude,3
film,3
hôtel,3
lille,3
usine,3
environnement,3
salles,3
élection,3
vue,3
rendu,3
création,3
tours,3
chansons,3
personnages,3
denis,3
constitution,3
éléments,3
révolution,3
pierres,3
ailleurs,3
nouvelle,3
correspondant,3
éditeur,3
acteur,3
national,3
festival,3
lyon,3
inde,3
voie,3
notion,3
guitare,3
légende,3
appareil,3
département,3
planète,3
portugal,3
monte,3
glace,3
port,3
abbaye,3
train,3
moment,3
dessin,3
seine,3
campagne,3
montre,3
monument,3
termes,3
donne,3
nucléaire,3
frontière,3
éditions,3
procès,3
magazine,3
poste,3
suède,3
événement,3
lecture,3
peintre,3
générale,3
locale,3
fleuve,3
capacité,3
écliptique,4
période,4
riche,4
sénat,4
table,4
phénomène,4
ouest,4
maroc,4
single,4
fille,4
york,4
vieux,4
valeur,4
localité,4
tribunal,4
essai,4
indépendance,4
vitesse,4
donné,4
république,4
fondé,4
moitié,4
vert,4
loi,4
peinture,4
agent,4
salle,4
extension,4
nicolas,4
présidence,4
romain,4
passer,4
madrid,4
laurent,4
classique,4
ball,4
travers,4
candidat,4
original,4
cœur,4
petit,4
essentiel,4
olympiques,4
coup,4
bourgogne,4
religieuse,4
critiques,4
rue,4
institut,4
arrondissement,4
navires,4
thèse,4
tenu,4
comté,4
bas,4
types,4
mis,4
face,4
longue,4
civil,4
vision,4
fondation,4
histoire,4
vierge,4
conseiller,4
zone,4
gmina,4
gouverneur,4
septembre,4
fonction,4
alpes,4
écrits,4
critique,4
familles,4
associé,4
olympique,4
changement,4
famille,4
noire,4
réseau,4
recherche,4
spécifique,4
avenue,4
vivre,4
royal,4
surface,4
joue,4
nuit,4
terrain,4
génération,4
prévu,4
marque,4
finale,4
new,4
championnats,4
navire,4
côte,4
enfant,4
chicago,4
fête,4
matchs,4
match,4
championnat,4
base,4
cours,4
bourg,4
nouveau,4
type,4
gouvernement,4
andré,4
instruments,4
code,4
tentative,4
fonctions,4
hameau,4
science,4
vite,4
valeurs,4
solution,4
domaine,5
fil,5
section,5
city,5
chevaux,5
parallèlement,5
professionnel,5
michel,5
œuvre,5
grandes,5
chaîne,5
footballeur,5
historique,5
artillerie,5
année,5
textes,5
grands,5
orient,5
aide,5
activités,5
john,5
gros,5
exemple,5
internationales,5
monuments,5
chœur,5
vincent,5
voyageurs,5
méthodes,5
numérique,5
compte,5
cabinet,5
grand,5
cimetière,5
marche,5
uni,5
juge,5
rive,5
reprises,5
méthode,5
avions,5
quartiers,5
séries,5
robert,5
élève,5
épisode,5
mission,5
mesure,5
enfance,5
milieu,5
militaires,5
professionnels,5
demi,5
simon,5
société,5
gauche,5
promotion,5
trafic,5
gagne,5
généraux,5
économique,5
britanniques,5
biens,5
pied,5
documents,5
porter,5
score,5
lignes,5
porte,5
canal,5
militaire,5
ministre,5
étudiants,5
œuvres,5
ouvrages,5
ouvrage,5
gare,5
française,5
lieux,5
note,5
caractéristiques,5
altitude,5
semaine,5
professionnelle,5
épisodes,5
diplôme,5
chose,5
marc,5
décret,5
catégorie,5
offre,5
roger,5
second,5
condamné,5
lien,5
programme,5
tête,5
barrage,5
lance,5
opéra,5
commune,5
droit,5
coût,5
duo,5
texte,5
basse,5
arrière,5
sort,5
montagne,5
mémoire,5
idées,5
ciel,5
petite,5
parlement,5
modèle,5
bronze,5
gaz,5
seconde,5
vienne,5
for,5
religieuses,5
rencontres,5
poids,5
genève,5
semaines,5
powiat,5
pays,5
asie,5
journal,5
homme,5
atelier,5
orientale,5
voyage,5
peuple,5
agricole,5
heure,5
division,5
futur,5
droits,5
marseille,5
différence,5
intermédiaire,5
bataille,5
nature,5
bonne,5
palais,5
origine,5
amérique,5
capitaine,5
principal,5
romans,5
construction,5
soldats,5
mont,5
croissance,5
feu,5
animal,5
naissance,5
latin,5
interprète,5
mari,5
canton,5
berlin,5
sociétés,5
bordeaux,5
europe,5
siècle,5
avion,5
site,5
école,5
label,5
bruxelles,5
reste,5
chine,5
juillet,5
champions,5
architecture,5
brigade,5
jour,5
température,5
propriété,5
mondiale,5
faite,5
incendie,5
allemands,5
général,5
maire,5
guerre,5
héros,5
normandie,5
minutes,5
lycée,5
bureau,5
lumière,5
puissance,5
réserve,5
français,5
avocat,5
politique,5
série,5
signe,5
rhône,5
central,5
colonel,5
disney,5
mariage,5
espagne,5
reine,5
parc,5
historiques,5
frère,5
seigneur,5
occidentale,5
lieu,5
piano,5
ville,5
télévision,5
long,5
problèmes,5
pêche,5
cérémonie,6
administrative,6
années,6
fusion,6
santa,6
réforme,6
longueur,6
russie,6
terme,6
siège,6
centre,6
communes,6
vent,6
anne,6
court,6
départ,6
taux,6
reprise,6
liste,6
points,6
russes,6
oncle,6
mort,6
paris,6
park,6
martin,6
accident,6
cour,6
course,6
contexte,6
plateau,6
mal,6
rencontre,6
médaille,6
indique,6
organisation,6
bord,6
système,6
radio,6
moteurs,6
force,6
commun,6
suisse,6
alexandre,6
institutions,6
producteur,6
processus,6
structures,6
maladie,6
échange,6
livre,6
province,6
revue,6
poésie,6
mot,6
juifs,6
champ,6
pilote,6
état,6
charge,6
star,6
père,6
sol,6
espèces,6
temple,6
étranger,6
noirs,6
fils,6
napoléon,6
voire,6
travail,6
raison,6
forces,6
château,6
provence,6
villa,6
femmes,6
théorie,6
ensemble,6
écrivain,6
liberté,6
parler,6
stade,6
journée,6
diamètre,6
adaptation,6
mines,6
champion,6
suivi,6
fabrication,6
musical,6
michael,6
situation,6
demande,6
prix,6
systèmes,6
dos,6
âge,6
richard,6
fin,6
précédent,6
montréal,6
milan,6
soir,6
provinces,6
rome,6
principe,6
page,6
auguste,6
administration,6
faire,6
loire,6
mots,6
comte,6
postes,6
rock,6
georges,6
paul,6
bretagne,6
carrière,6
duc,6
vit,6
domaines,6
rivière,6
blanche,6
fédération,6
langage,6
lors,6
réseaux,6
autonome,6
pouvoirs,6
réalisateur,6
univers,6
bernard,6
pouvoir,6
personnalités,6
infanterie,6
chasse,6
règles,6
place,6
courte,6
petites,6
mer,6
structure,6
scrutin,6
plante,6
val,6
musiciens,6
pierre,6
aire,6
mars,6
atlantique,6
novembre,6
régime,6
charles,6
théâtre,6
montagnes,6
cathédrale,6
prêtre,6
françois,6
rapide,6
secteur,6
bois,6
continue,6
courses,6
libération,7
étoile,7
victoires,7
scientifiques,7
historien,7
filles,7
dollars,7
office,7
axe,7
victoire,7
loin,7
littérature,7
raconte,7
jeunesse,7
produire,7
matériel,7
village,7
tour,7
arc,7
architecte,7
vallée,7
main,7
commerce,7
jeunes,7
décédé,7
chevalier,7
angle,7
beau,7
sang,7
archevêque,7
écoles,7
populations,7
cercle,7
alain,7
jean,7
plaine,7
président,7
printemps,7
george,7
forêt,7
date,7
chute,7
prison,7
cheval,7
josé,7
thomas,7
phase,7
college,7
programmes,7
fer,7
terres,7
toulouse,7
nord,7
smith,7
plan,7
fédéral,7
taille,7
officier,7
mai,7
auteur,7
branche,7
savoie,7
présidentielle,7
chanteuse,7
mère,7
maria,7
ferme,7
ligne,7
patrimoine,7
voïvodie,7
music,7
enseignement,7
cardinal,7
hall,7
travailler,7
compose,7
réunion,7
résidence,7
point,7
février,7
chanteur,7
célèbre,7
dirigeants,7
concert,7
super,7
décide,7
littéraire,7
soleil,7
bras,7
pape,7
jack,7
moyenne,7
réalité,7
forêts,7
peter,7
auteurs,7
air,7
henri,7
vrai,7
décidé,7
réalisation,7
armées,7
juan,7
décision,7
plans,7
jours,7
cap,7
romains,7
ami,7
concerts,7
art,7
bus,7
scientifique,7
passage,7
coupe,7
cycle,7
tournoi,7
restauration,7
antoine,7
solo,7
jacques,7
route,7
vie,7
rouge,7
dieu,7
territoire,7
collège,7
artistique,7
chefs,7
culturel,7
défense,7
japonaise,7
guy,7
baron,7
image,8
conception,8
compagnie,8
source,8
tradition,8
sud,8
concours,8
vis,8
rose,8
complètement,8
louis,8
législatives,8
parti,8
ressources,8
superficie,8
mètres,8
daniel,8
associations,8
prisonniers,8
actrice,8
appel,8
attaque,8
maison,8
congrès,8
enquête,8
caractère,8
maritime,8
sociales,8
images,8
change,8
langues,8
culture,8
femme,8
nef,8
partie,8
saint,8
modèles,8
villes,8
aspect,8
convention,8
zones,8
tom,8
janvier,8
service,8
consommation,8
cartes,8
internet,8
féminine,8
christ,8
communication,8
van,8
indépendant,8
irlande,8
soviétique,8
accord,8
lancé,8
services,8
composée,8
routes,8
justice,8
somme,8
baptiste,8
argent,8
albert,8
henry,8
californie,8
social,8
officiers,8
savoir,8
rio,8
religion,8
saisons,8
chapelle,8
frédéric,8
privé,8
francs,8
titulaire,8
domicile,8
sociale,8
livres,8
marine,8
joueurs,8
présent,8
sécurité,8
sociaux,8
chemin,8
industrie,8
grâce,8
joseph,8
garde,8
polonais,8
chef,8
économie,8
trains,8
ligue,8
combat,8
fort,8
ennemi,8
bon,8
strasbourg,8
terre,8
responsable,8
carte,8
privée,8
exposition,8
communiste,8
romaine,8
tombe,8
nations,8
religieux,8
association,8
jules,8
dame,8
acteurs,8
lieutenant,8
kilomètres,8
cité,8
villages,8
sources,8
échelle,8
contact,8
octobre,9
océan,9
naturelle,9
masse,9
tendance,9
métro,9
ans,9
christian,9
juin,9
rapport,9
salon,9
classe,9
démocratique,9
archives,9
maurice,9
impériale,9
élections,9
communauté,9
vente,9
centres,9
hautes,9
besoins,9
équipe,9
humaine,9
européenne,9
étienne,9
technique,9
naturel,9
plantes,9
pointe,9
santé,9
roman,9
ordre,9
voix,9
empereur,9
européennes,9
catholique,9
humains,9
écrire,9
pologne,9
intervention,9
automne,9
abbé,9
communautés,9
artiste,9
médecine,9
édition,9
marins,9
jeux,9
haute,9
standard,9
couronne,9
secondes,9
petits,9
techniques,9
hauteur,9
diocèse,9
feuilles,9
hiver,9
résistance,9
courant,9
humain,9
mois,9
écrit,9
fleurs,9
informations,9
premières,9
sièges,9
victor,9
rené,9
classes,9
politiques,9
tard,9
hommes,9
mains,9
joueur,9
belle,9
contrat,9
hauts,9
tente,9
élu,9
besoin,9
marin,9
groupe,9
écriture,9
élus,9
catherine,9
commercial,9
hôpital,9
usage,9
avril,9
philippe,10
station,10
yeux,10
union,10
développe,10
corps,10
arthur,10
oiseaux,10
moderne,10
marcel,10
développement,10
risque,10
édouard,10
missions,10
traitement,10
grèce,10
traduction,10
eaux,10
double,10
placé,10
armes,10
véhicules,10
connaissance,10
jésus,10
autorité,10
mur,10
énergie,10
stations,10
empire,10
décès,10
france,10
parce,10
états,10
arbre,10
secret,10
canada,10
sports,10
reconnu,10
jeanne,10
traverse,10
concept,10
ferroviaire,10
trône,10
expérience,10
front,10
mouvement,10
mouvements,10
danse,10
del,10
essais,10
reconnaissance,10
modernes,10
françaises,10
entreprises,10
guillaume,10
james,10
îles,10
crise,10
projet,10
morte,10
connaître,10
expression,10
conseil,10
capitale,10
noir,11
juste,11
orléans,11
distribution,11
universitaire,11
personnes,11
évolution,11
chargé,11
appelle,11
angleterre,11
action,11
personnel,11
université,11
black,11
sens,11
roi,11
paroisse,11
vol,11
musique,11
léon,11
électrique,11
serbie,11
alliance,11
connaît,11
budget,11
william,11
actions,11
algérie,11
périhélie,11
ingénieur,12
police,12
transports,12
claude,12
bassin,12
serbe,12
chambre,12
washington,12
raymond,12
étoiles,12
majeure,12
tchèque,12
david,12
disponible,12
euros,12
patrick,12
manuel,12
médias,12
marie,12
comédie,12
monastère,12
turquie,12
problème,12
libre,12
maître,12
aéroport,12
légion,12
barcelone,12
couleurs,12
jardin,12
blanc,13
mathématiques,13
bleu,13
australie,13
vin,13
durée,13
japonais,13
guerres,13
prince,13
partage,13
films,13
blancs,13
ben,13
pont,14
croix,14
hongrie,14
brésil,14
construire,14
arbres,14
préfecture,14
néerlandais,14
israël,14
eau,15
world,15
renaissance,15
sciences,15
européens,15
mexique,15
agriculture,16
égypte,16
voitures,16
amour,17
astéroïde,17
conflit,17
don,17
enfants,17
dispute,17
astéroïdes,17
circonscription,19
député,21
députés,21
district,27
municipalité,33
municipal,33
