dispute,18
conflit,18
amour,18
don,17
world,15
renaissance,15
eau,15
croix,15
pont,14
partage,14
israël,14
bleu,14
prince,13
police,13
marie,13
libre,13
jardin,13
comédie,13
claude,13
blancs,13
blanc,13
ben,13
bassin,13
william,12
washington,12
sens,12
raymond,12
personnes,12
personnel,12
orléans,12
manuel,12
maître,12
légion,12
énergie,12
david,12
chambre,12
black,12
actions,12
action,12
vol,11
union,11
stations,11
station,11
secret,11
reconnu,11
reconnaissance,11
philippe,11
octobre,11
noir,11
mur,11
marcel,11
léon,11
juste,11
jésus,11
jeanne,11
james,11
france,11
expérience,11
évolution,11
double,11
distribution,11
développement,11
développe,11
crise,11
corps,11
capitale,11
autorité,11
arbre,11
alliance,11
voix,10
traverse,10
traitement,10
tendance,10
roman,10
projet,10
pointe,10
mouvements,10
mouvement,10
masse,10
marins,10
marin,10
juin,10
humains,10
humaine,10
humain,10
hauts,10
hauteur,10
hautes,10
haute,10
guillaume,10
groupe,10
front,10
expression,10
empire,10
empereur,10
édouard,10
édition,10
del,10
couronne,10
courant,10
conseil,10
concept,10
classes,10
classe,10
catherine,10
canada,10
belle,10
avril,10
arthur,10
victor,9
usage,9
tom,9
sud,9
standard,9
sources,9
source,9
salon,9
rose,9
romaine,9
rio,9
résistance,9
rené,9
rapport,9
présent,9
ordre,9
océan,9
nef,9
maurice,9
marine,9
maison,9
ligue,9
joseph,9
janvier,9
intervention,9
industrie,9
indépendant,9
henry,9
grâce,9
frédéric,9
fort,9
ennemi,9
économie,9
échelle,9
daniel,9
dame,9
culture,9
contrat,9
contact,9
consommation,9
conception,9
compagnie,9
combat,9
cité,9
christian,9
christ,9
chef,9
chapelle,9
change,9
cartes,9
carte,9
californie,9
bon,9
attaque,9
argent,9
appel,9
accord,9
vrai,8
vis,8
village,8
vie,8
victoire,8
van,8
vallée,8
tournoi,8
tour,8
toulouse,8
titulaire,8
terre,8
strasbourg,8
somme,8
soleil,8
smith,8
services,8
service,8
savoie,8
saint,8
rouge,8
réunion,8
ressources,8
résidence,8
privée,8
privé,8
point,8
plans,8
plan,8
plaine,8
peter,8
patrimoine,8
passage,8
partie,8
pape,8
officier,8
nord,8
music,8
maria,8
main,8
mai,8
louis,8
ligne,8
lieutenant,8
justice,8
jules,8
jeunesse,8
jean,8
jacques,8
jack,8
irlande,8
image,8
henri,8
guy,8
garde,8
février,8
ferme,8
femme,8
exposition,8
enquête,8
date,8
cycle,8
convention,8
congrès,8
commerce,8
collège,8
college,8
chevalier,8
chemin,8
cercle,8
cardinal,8
caractère,8
bras,8
baptiste,8
axe,8
associations,8
association,8
aspect,8
antoine,8
angle,8
albert,8
alain,8
air,8
vent,7
val,7
travail,7
thomas,7
taille,7
super,7
suisse,7
star,7
solo,7
situation,7
siège,7
secteur,7
sang,7
route,7
rock,7
rivière,7
restauration,7
règles,7
rapide,7
provence,7
processus,7
prix,7
printemps,7
principe,7
président,7
pouvoirs,7
pouvoir,7
plateau,7
pilote,7
pierre,7
phase,7
père,7
paul,7
park,7
paris,7
page,7
office,7
novembre,7
mort,7
montréal,7
milan,7
michael,7
mer,7
matériel,7
martin,7
livre,7
liste,7
liberté,7
libération,7
juan,7
josé,7
hall,7
george,7
fusion,7
forêts,7
forêt,7
forces,7
force,7
fin,7
fils,7
fer,7
étoile,7
état,7
ensemble,7
duc,7
dos,7
dieu,7
demande,7
défense,7
coupe,7
chute,7
cheval,7
château,7
chasse,7
charles,7
champ,7
centre,7
cathédrale,7
cap,7
bus,7
branche,7
bord,7
bois,7
blanche,7
bernard,7
beau,7
baron,7
auguste,7
atlantique,7
arc,7
anne,7
ami,7
âge,7
voyageurs,6
voyage,6
ville,6
villa,6
vienne,6
univers,6
théâtre,6
tête,6
terme,6
temple,6
structures,6
structure,6
stade,6
sort,6
sol,6
soir,6
sociétés,6
société,6
simon,6
siècle,6
séries,6
série,6
seconde,6
second,6
santa,6
russie,6
rome,6
roger,6
robert,6
richard,6
rhône,6
revue,6
reprise,6
reine,6
régime,6
réforme,6
raison,6
radio,6
propriété,6
producteur,6
prêtre,6
porte,6
politique,6
plante,6
place,6
piano,6
pêche,6
palais,6
origine,6
orient,6
opéra,6
note,6
napoléon,6
naissance,6
mots,6
mot,6
mont,6
modèle,6
mines,6
michel,6
méthodes,6
méthode,6
mesure,6
mémoire,6
marseille,6
mars,6
marche,6
marc,6
maire,6
long,6
loire,6
lieux,6
lieu,6
lance,6
label,6
juillet,6
journée,6
journal,6
jour,6
interprète,6
institutions,6
homme,6
heure,6
héros,6
guerre,6
gros,6
grands,6
grandes,6
grand,6
georges,6
genève,6
général,6
gauche,6
gagne,6
françois,6
for,6
fil,6
feu,6
fédération,6
europe,6
école,6
duo,6
droits,6
droit,6
domaine,6
division,6
départ,6
demi,6
courte,6
court,6
courses,6
course,6
cour,6
contexte,6
comte,6
commune,6
city,6
chœur,6
chine,6
charge,6
champion,6
carrière,6
caractéristiques,6
capitaine,6
canal,6
bureau,6
bruxelles,6
bretagne,6
bordeaux,6
biens,6
bataille,6
autonome,6
atelier,6
asie,6
arrière,6
architecture,6
année,6
animal,6
alexandre,6
aire,6
administrative,6
administration,6
adaptation,6
accident,6
zone,5
vivre,5
vitesse,5
vite,5
vincent,5
vieux,5
vert,5
valeurs,5
valeur,5
uni,5
travers,5
trafic,5
terrain,5
tentative,5
température,5
télévision,5
table,5
surface,5
site,5
single,5
signe,5
septembre,5
sénat,5
seigneur,5
section,5
score,5
science,5
salle,5
rue,5
royal,5
romans,5
romain,5
rive,5
riche,5
réserve,5
république,5
religieuse,5
recherche,5
puissance,5
promotion,5
programme,5
principal,5
porter,5
poids,5
pied,5
petite,5
petit,5
période,5
peinture,5
pays,5
parc,5
orientale,5
olympiques,5
olympique,5
nuit,5
nouveau,5
normandie,5
noire,5
nicolas,5
new,5
nature,5
montagne,5
mission,5
mis,5
minutes,5
milieu,5
matchs,5
match,5
marque,5
maroc,5
mariage,5
mari,5
madrid,5
lycée,5
lumière,5
loi,5
localité,5
lien,5
laurent,5
latin,5
john,5
instruments,5
indépendance,5
incendie,5
historiques,5
historique,5
histoire,5
gaz,5
futur,5
frère,5
française,5
français,5
fondé,5
fondation,5
finale,5
fille,5
fête,5
famille,5
face,5
essentiel,5
essai,5
espagne,5
enfant,5
disney,5
croissance,5
critiques,5
critique,5
cours,5
coup,5
côte,5
construction,5
conseiller,5
comté,5
colonel,5
cœur,5
code,5
civil,5
ciel,5
chose,5
champions,5
chaîne,5
central,5
catégorie,5
canton,5
cabinet,5
bronze,5
bourg,5
bonne,5
berlin,5
basse,5
bas,5
barrage,5
ball,5
avocat,5
avion,5
andré,5
amérique,5
alpes,5
aide,5
agricole,5
agent,5
york,4
vision,4
vierge,4
types,4
type,4
spécifique,4
solution,4
seine,4
salles,4
révolution,4
réseau,4
port,4
phénomène,4
ouest,4
monte,4
lyon,4
légende,4
génération,4
frontière,4
fonctions,4
fonction,4
fleuve,4
extension,4
éléments,4
élément,4
éditions,4
éditeur,4
dernier,4
denis,4
créer,4
création,4
classique,4
chicago,4
campagne,4
bourgogne,4
base,4
appareil,4
abbaye,4
vue,3
volonté,3
voie,3
train,3
tours,3
tiers,3
the,3
termes,3
suède,3
style,3
sommet,3
secrétaire,3
rugby,3
retourne,3
rendu,3
relation,3
rang,3
qualité,3
pyrénées,3
protéger,3
protection,3
propriétaire,3
professeur,3
procès,3
poste,3
portugal,3
planète,3
pierres,3
personnages,3
personnage,3
performance,3
peintre,3
passe,3
parents,3
pacifique,3
objets,3
objet,3
nouvelle,3
notion,3
nom,3
nationale,3
national,3
moteur,3
monument,3
montre,3
moment,3
mode,3
marché,3
magnitude,3
magazine,3
lois,3
lille,3
lecture,3
lancer,3
lac,3
initiative,3
inde,3
identité,3
ici,3
hôtel,3
hockey,3
guitare,3
glace,3
francisco,3
forte,3
film,3
festival,3
existence,3
événement,3
environnement,3
élection,3
éducation,3
dynastie,3
donne,3
docteur,3
disparu,3
dessin,3
département,3
correspondant,3
constitution,3
col,3
cas,3
capacité,3
capable,3
camp,3
autant,3
arts,3
août,3
ailleurs,3
afrique,3
activité,3
actif,3
acteur,3
académie,3
absence,3
voiture,2
voir,2
vendu,2
vainqueur,2
unités,2
unité,2
tourisme,2
totale,2
total,2
texas,2
territoires,2
tennis,2
sujet,2
suit,2
studio,2
sœur,2
simple,2
seuls,2
sert,2
revanche,2
quartier,2
prise,2
pris,2
princesse,2
pression,2
presse,2
phare,2
officiel,2
née,2
moyens,2
moyen,2
monde,2
mieux,2
mention,2
meilleur,2
matin,2
matière,2
massif,2
manche,2
maisons,2
lettres,2
lettre,2
large,2
jeu,2
issue,2
iii,2
grec,2
grande,2
galerie,2
flotte,2
établissements,2
établissement,2
espèce,2
époque,2
entier,2
donner,2
devenir,2
destruction,2
définition,2
décembre,2
début,2
corée,2
contrôle,2
conséquence,2
commandement,2
colombie,2
chanson,2
cause,2
britannique,2
bout,2
bibliothèque,2
beaux,2
bat,2
baseball,2
bande,2
avance,2
article,2
arrêt,2
apparition,2
animaux,2
amis,2
amiral,2
américains,2
américaine,2
américain,2
allemande,2
allemand,2
actes,2
acte,2
victime,1
vice,1
travaux,1
transport,1
traité,1
titre,1
symbole,1
suite,1
succès,1
statut,1
spectacle,1
sortie,1
simplement,1
seule,1
seul,1
sein,1
scène,1
scénario,1
san,1
saison,1
sainte,1
royaume,1
royale,1
rôle,1
retour,1
résultat,1
représentation,1
représentant,1
règne,1
régions,1
régionale,1
régional,1
région,1
records,1
record,1
récit,1
rares,1
race,1
question,1
publique,1
publics,1
publication,1
public,1
profit,1
production,1
primaire,1
présence,1
portes,1
places,1
pièces,1
pièce,1
permis,1
peine,1
paru,1
parcours,1
parallèle,1
ouverture,1
ouverte,1
ouvert,1
orchestre,1
opposition,1
oppose,1
occupation,1
occasion,1
objectif,1
nantes,1
musique,1
murs,1
moscou,1
mondial,1
millions,1
médecin,1
manque,1
mandat,1
majorité,1
majeur,1
maintenant,1
machine,1
lutte,1
londres,1
live,1
liaison,1
joué,1
italien,1
italie,1
international,1
intérêt,1
influence,1
île,1
honneur,1
hommage,1
habitants,1
genre,1
fut,1
formation,1
format,1
football,1
fonds,1
fondateur,1
fond,1
fois,1
figure,1
fiction,1
féminin,1
européen,1
études,1
étude,1
étape,1
étage,1
estime,1
espagnole,1
espagnol,1
entrer,1
entreprise,1
entrée,1
enseigne,1
enceinte,1
émissions,1
émission,1
églises,1
église,1
échec,1
doute,1
donnée,1
disque,1
direction,1
difficile,1
der,1
demeure,1
découvert,1
culte,1
couple,1
côté,1
conduit,1
composition,1
composé,1
complexe,1
complète,1
compétition,1
commande,1
comité,1
collection,1
club,1
climat,1
circulation,1
chinois,1
chant,1
centrale,1
ceinture,1
canadien,1
cadre,1
belgique,1
bâtiments,1
bâtiment,1
banque,1
baie,1
assemblée,1
arrive,1
arrêté,1
anglaise,1
anglais,1
analyse,1
allemagne,1
albums,1
album,1
affaires,1
affaire,1
actuel,1
