issu,0
politiques,0
réaliser,0
ouvrage,0
vidéo,0
élèves,0
principaux,0
territoire,0
mal,0
explique,0
dirigeants,0
membre,0
emploi,0
laisse,0
publie,0
faite,0
nouvelles,0
édifice,0
associé,0
travaille,0
temps,0
précédent,0
compte,0
écrivain,0
culturel,0
créé,0
von,0
secondes,0
profondeur,0
moteurs,0
acteurs,0
caractérisée,0
totalement,0
présente,0
enfin,0
hommes,0
oncle,0
opérations,0
province,0
jeune,0
conservé,0
éviter,0
vaste,0
université,0
entraîneur,0
projets,0
musée,0
principalement,0
principales,0
constitué,0
effectue,0
noms,0
buts,0
élus,0
obtient,0
continue,0
municipal,0
piste,0
vit,0
rester,0
religieuses,0
diffusée,0
originale,0
auprès,0
italienne,0
faculté,0
impériale,0
religion,0
ensuite,0
communauté,0
plantes,0
santé,0
classée,0
tente,0
romains,0
niveaux,0
femmes,0
endroit,0
vote,0
tué,0
démocratique,0
tombe,0
battu,0
composée,0
propos,0
système,0
scrutin,0
nommée,0
archives,0
mettre,0
catholique,0
utilisées,0
soient,0
occupe,0
cimetière,0
filles,0
numérique,0
yeux,0
immédiatement,0
archevêque,0
langues,0
civile,0
annoncé,0
barcelone,0
maritime,0
prévu,0
fortement,0
étrangères,0
endémique,0
philosophie,0
consacré,0
oiseaux,0
noirs,0
entièrement,0
épreuve,0
longueur,0
découvre,0
expédition,0
final,0
suivantes,0
parler,0
présentant,0
réponse,0
locales,0
guerres,0
mettant,0
épisodes,0
joueurs,0
produits,0
périhélie,0
construit,0
îles,0
morts,0
annonce,0
arabe,0
portent,0
télévisée,0
tient,0
troupes,0
voies,0
pratique,0
agglomération,0
présenter,0
extrême,0
tableau,0
offre,0
institut,0
fabrication,0
difficultés,0
présents,0
utilisé,0
résultats,0
états,0
roi,0
débute,0
francs,0
directeur,0
officielle,0
hiver,0
ministère,0
brigade,0
nomme,0
langage,0
idées,0
échange,0
musiciens,0
serbe,0
frères,0
accompagné,0
prit,0
décide,0
blessé,0
basé,0
organisé,0
permettre,0
reçoit,0
accès,0
basée,0
essentiellement,0
jaune,0
députés,0
exception,0
numéro,0
utilisés,0
forme,0
rencontres,0
travaillé,0
connaître,0
facilement,0
gouvernement,0
traduit,0
anciens,0
vente,0
couleurs,0
finalement,0
auteurs,0
armée,0
communes,0
recensement,0
évêque,0
dernière,0
faut,0
féminine,0
voitures,0
discours,0
reprend,0
apprend,0
reçu,0
responsable,0
servir,0
trouver,0
organisation,0
suivants,0
forment,0
datant,0
concerne,0
footballeur,0
appelés,0
propose,0
basket,0
décidé,0
unique,0
distingue,0
dépend,0
construite,0
progressivement,0
complètement,0
aurait,0
précise,0
former,0
importante,0
façade,0
chapitre,0
élevé,0
découverte,0
sélection,0
partir,0
régiment,0
contrairement,0
laisser,0
écriture,0
devait,0
compétitions,0
située,0
trouvé,0
lors,0
ait,0
observations,0
intitulé,0
moitié,0
tradition,0
définitivement,0
textes,0
pologne,0
connus,0
anciennes,0
quartiers,0
enfants,0
argentine,0
architecte,0
fonde,0
population,0
appartenant,0
revient,0
socialiste,0
nationales,0
tourne,0
disposition,0
développé,0
lendemain,0
augmentation,0
parle,0
collaboration,0
brésil,0
limitée,0
fonctionnement,0
conserve,0
effets,0
circonscription,0
modèles,0
agit,0
inclinaison,0
établi,0
œuvres,0
développer,0
raconte,0
régulièrement,0
scientifiques,0
communication,0
véritable,0
faire,0
meilleurs,0
comptait,0
importants,0
néerlandais,0
coups,0
chanteur,0
australie,0
haut,0
informations,0
fondée,0
mesures,0
artistes,0
chevaux,0
art,0
importance,0
déclare,0
appelée,0
militaire,0
populaire,0
contenant,0
idée,0
installe,0
succession,0
emplacement,0
présidentielle,0
cérémonie,0
formé,0
sociales,0
utilisant,0
rencontre,0
accepte,0
œuvre,0
vaisseau,0
loin,0
suivre,0
décision,0
exemplaires,0
membres,0
décrit,0
furent,0
meurt,0
recherches,0
parlement,0
plupart,0
désigner,0
comprenant,0
condamné,0
écrite,0
nouveaux,0
perdu,0
vient,0
situés,0
connu,0
agriculture,0
parties,0
sait,0
taux,0
correspond,0
réalité,0
militaires,0
chemins,0
questions,0
joue,0
internationales,0
parfois,0
texte,0
déjà,0
longue,0
homonymie,0
distance,0
monuments,0
physique,0
européenne,0
pratiques,0
élections,0
publié,0
niveau,0
multiples,0
importantes,0
japonais,0
françaises,0
organisée,0
jeunes,0
sciences,0
risque,0
décès,0
partis,0
russe,0
intitulée,0
limite,0
deviennent,0
urbaine,0
célèbre,0
suivi,0
portée,0
écoles,0
ancien,0
los,0
prisonniers,0
utiliser,0
faible,0
professionnel,0
visite,0
mathématiques,0
suivante,0
commencé,0
modernes,0
venir,0
défaite,0
opération,0
turquie,0
ancienne,0
sorte,0
étudie,0
historien,0
conçu,0
littéraire,0
majeure,0
supérieure,0
intérieur,0
circuit,0
combats,0
versions,0
routes,0
poésie,0
droite,0
local,0
avions,0
concerts,0
précédente,0
tribunal,0
diocèse,0
communautés,0
points,0
problème,0
représente,0
années,0
hôpital,0
parallèlement,0
direct,0
remporte,0
arrivée,0
actrice,0
servi,0
dollars,0
constituent,0
championnat,0
supérieur,0
propre,0
poète,0
crée,0
passer,0
étienne,0
pouvant,0
trains,0
travailler,0
top,0
belge,0
siècles,0
candidats,0
intègre,0
voire,0
maladie,0
trouvait,0
zones,0
activités,0
connaissance,0
affirme,0
généralement,0
mexique,0
meilleure,0
conférence,0
devient,0
monastère,0
parti,0
ministre,0
esprit,0
serait,0
ouvrages,0
côtés,0
grèce,0
utilise,0
arbres,0
chansons,0
documents,0
montagnes,0
mondiale,0
envoyé,0
sportive,0
député,0
universitaire,0
provenant,0
journaliste,0
étudiants,0
systèmes,0
présentent,0
élève,0
formes,0
concours,0
devenu,0
eut,0
possède,0
déclaré,0
position,0
astéroïde,0
changement,0
veut,0
accueille,0
besoins,0
spécialiste,0
produit,0
publiques,0
contraire,0
religieux,0
constituée,0
devint,0
commence,0
écrit,0
extérieur,0
économiques,0
débuts,0
voïvodie,0
consiste,0
premiers,0
étranger,0
gouverneur,0
signé,0
permet,0
abbé,0
alors,0
atteint,0
fleurs,0
élu,0
succède,0
connue,0
promu,0
remplacer,0
autriche,0
gestion,0
transports,0
représenté,0
articles,0
respectivement,0
populations,0
appartient,0
inscrit,0
approche,0
serbie,0
possible,0
titres,0
polonais,0
connaît,0
jours,0
quotidien,0
pouvait,0
juifs,0
commercial,0
participation,0
perd,0
vivant,0
réalisé,0
intermédiaire,0
concert,0
conduite,0
pleine,0
tournée,0
professionnelle,0
heures,0
retrouve,0
repris,0
nécessaire,0
enregistrement,0
attention,0
exploitation,0
véhicules,0
formule,0
savoir,0
réalise,0
entreprises,0
application,0
ingénieur,0
commandant,0
finit,0
apparaît,0
manière,0
regroupe,0
désigne,0
évolue,0
équipe,0
rejoint,0
semble,0
installé,0
images,0
prennent,0
quantité,0
portant,0
métro,0
cinéma,0
commission,0
animation,0
législatives,0
school,0
ans,0
volume,0
impact,0
enfance,0
remonte,0
espace,0
desservie,0
adjoint,0
mois,0
championnats,0
épreuves,0
retraite,0
sécurité,0
peuple,0
décret,0
individus,0
dit,0
données,0
sociale,0
thème,0
gmina,0
sujets,0
épouse,0
réalisée,0
disponible,0
gare,0
détruit,0
nouvel,0
créée,0
artiste,0
refuse,0
utilisée,0
domaines,0
déroule,0
égypte,0
lignes,0
auraient,0
écrire,0
européens,0
diffusé,0
orbite,0
artistique,0
médaille,0
centres,0
régulière,0
nommé,0
semaine,0
domicile,0
allant,0
jamais,0
visant,0
construire,0
angeles,0
situe,0
directement,0
morte,0
information,0
diplôme,0
remplacé,0
original,0
ère,0
tard,0
comprend,0
superficie,0
rejoindre,0
réalisation,0
utilisation,0
armées,0
actuellement,0
commun,0
participé,0
professionnels,0
souvent,0
référence,0
astéroïdes,0
devenue,0
propriétés,0
trône,0
jouer,0
preuve,0
largement,0
autour,0
unis,0
dirigé,0
existe,0
cycliste,0
missions,0
proximité,0
locaux,0
poursuit,0
mètres,0
municipalité,0
faisait,0
automne,0
rend,0
passant,0
assure,0
placé,0
faits,0
aller,0
installer,0
dernières,0
compose,0
européennes,0
originaire,0
espèces,0
aéroport,0
rendre,0
scientifique,0
paix,0
comporte,0
retrouver,0
victoires,0
petits,0
mère,0
différence,0
maximum,0
révèle,0
danse,0
établir,0
besoin,0
paroisse,0
quitter,0
étrangers,0
réussit,0
and,0
enseignement,0
derniers,0
autrefois,0
terres,0
communiste,0
villes,0
naturel,0
programmes,0
vin,0
toutefois,0
fit,0
league,0
nombre,0
sports,0
destiné,0
familles,0
dirige,0
engagé,0
petites,0
choisi,0
met,0
observatoire,0
restent,0
traduction,0
navire,0
essais,0
arrondissement,0
prises,0
jeux,0
étudier,0
actuelle,0
produire,0
reste,0
juge,0
chanteuse,0
usine,0
powiat,0
affluent,0
absolue,0
altitude,0
réalisateur,0
considérée,0
lancé,0
rôles,0
situé,0
autorités,0
social,0
participer,0
officiers,0
sites,0
revenir,0
générale,0
saisons,0
littérature,0
ordres,0
marqué,0
événements,0
hongrie,0
reprises,0
patrick,0
compositeur,0
problèmes,0
japonaise,0
soutien,0
signifie,0
ouvre,0
eaux,0
soviétique,0
tôt,0
diffusion,0
exemple,0
prenant,0
euros,0
premières,0
classé,0
organise,0
totalité,0
ferroviaire,0
version,0
participe,0
nucléaire,0
donné,0
thèse,0
diamètre,0
allemands,0
classement,0
prendre,0
considère,0
également,0
représentants,0
candidat,0
impose,0
inspiré,0
jazz,0
moyenne,0
navires,0
sociaux,0
dirigée,0
villages,0
mène,0
statue,0
théorie,0
agence,0
mains,0
termine,0
chacune,0
publiés,0
perte,0
musical,0
inscription,0
officiellement,0
but,0
langue,0
clubs,0
auparavant,0
secondaire,0
films,0
conditions,0
fédéral,0
choix,0
alliés,0
naturelle,0
soldats,0
enregistré,0
groupes,0
techniques,0
réaction,0
tenu,0
initialement,0
appelle,0
nations,0
polonaise,0
présidence,0
important,0
rapidement,0
voit,0
réseaux,0
dispose,0
québec,0
condition,0
feuilles,0
naît,0
publiée,0
parce,0
atteindre,0
musicale,0
décédé,0
rues,0
armes,0
faveur,0
technique,0
part,0
scènes,0
équipes,0
légèrement,0
désigné,0
durée,0
prison,0
hameau,0
russes,0
aider,0
mise,0
parvient,0
indique,0
chargé,0
établit,0
probablement,0
victimes,0
couleur,0
appellation,0
seulement,0
constitue,0
sortir,0
propres,0
économique,0
assurer,0
internationale,0
médecine,0
présenté,0
estimé,0
relations,0
presque,0
sport,0
abrite,0
obtenu,0
généraux,0
sorti,0
algérie,0
remporté,0
locale,0
liés,0
puis,0
budget,0
issus,0
secondaires,0
possibilité,0
chefs,0
district,0
raisons,0
dessinée,0
internet,0
permettent,0
électrique,0
joueur,0
automobile,0
médias,0
coût,0
permettant,0
uniquement,0
japon,0
pourrait,0
sièges,0
provinces,0
appelé,0
kilomètres,0
occupé,0
occidentale,0
tchèque,0
excentricité,0
donnant,0
dite,0
pourtant,0
licence,0
obtenir,0
relativement,0
postes,0
angleterre,0
prend,0
internationaux,0
étoiles,0
principale,0
auteur,0
trouve,0
recueil,0
quitte,0
récemment,0
tandis,0
britanniques,0
trouvent,0
contient,0
notamment,0
épisode,0
avenue,0
moderne,0
personnalités,0
préfecture,0
engage,0
deviendra,0
écrits,0
écosse,0
proches,0
considéré,0
semaines,0
livres,0
porté,0
espagnole,1
albums,1
public,1
difficile,1
record,1
belgique,1
fondateur,1
affaire,1
bâtiments,1
statut,1
parcours,1
transport,1
étape,1
pièces,1
résultat,1
football,1
fonds,1
composé,1
machine,1
question,1
île,1
habitants,1
compétition,1
arrive,1
portes,1
suite,1
enceinte,1
majorité,1
comité,1
récit,1
majeur,1
millions,1
places,1
chinois,1
études,1
régionale,1
liaison,1
entrée,1
publique,1
production,1
enseigne,1
sein,1
anglais,1
échec,1
club,1
occupation,1
saison,1
complète,1
espagnol,1
représentation,1
titre,1
sainte,1
estime,1
culte,1
race,1
formation,1
doute,1
paru,1
arrêté,1
victime,1
pièce,1
maintenant,1
objectif,1
international,1
circulation,1
album,1
figure,1
église,1
analyse,1
représentant,1
climat,1
mandat,1
direction,1
scène,1
régions,1
couple,1
retour,1
actuel,1
scénario,1
royale,1
profit,1
découvert,1
ouverture,1
ceinture,1
symbole,1
peine,1
traité,1
oppose,1
format,1
fiction,1
fond,1
joué,1
londres,1
banque,1
simplement,1
records,1
moscou,1
collection,1
entrer,1
publics,1
intérêt,1
italien,1
canadien,1
fut,1
primaire,1
vice,1
lutte,1
seule,1
rôle,1
seul,1
live,1
féminin,1
baie,1
permis,1
centrale,1
ouverte,1
demeure,1
européen,1
cadre,1
chant,1
églises,1
honneur,1
der,1
occasion,1
affaires,1
côté,1
orchestre,1
italie,1
spectacle,1
rares,1
sortie,1
fois,1
publication,1
nantes,1
manque,1
région,1
influence,1
donnée,1
disque,1
régional,1
étage,1
médecin,1
entreprise,1
commande,1
san,1
règne,1
anglaise,1
royaume,1
allemagne,1
musique,1
travaux,1
étude,1
ouvert,1
composition,1
murs,1
genre,1
succès,1
bâtiment,1
émissions,1
conduit,1
opposition,1
émission,1
complexe,1
parallèle,1
présence,1
assemblée,1
mondial,1
hommage,1
vainqueur,2
allemande,2
massif,2
maisons,2
bat,2
sœur,2
mieux,2
bibliothèque,2
amiral,2
beaux,2
territoires,2
studio,2
revanche,2
conséquence,2
unité,2
définition,2
grec,2
pression,2
lettres,2
lettre,2
texas,2
totale,2
large,2
presse,2
prise,2
total,2
monde,2
sert,2
début,2
arrêt,2
seuls,2
simple,2
sujet,2
bande,2
suit,2
matière,2
galerie,2
époque,2
voir,2
officiel,2
vendu,2
iii,2
princesse,2
acte,2
quartier,2
destruction,2
américaine,2
avance,2
baseball,2
issue,2
moyen,2
allemand,2
établissements,2
actes,2
article,2
colombie,2
pris,2
voiture,2
devenir,2
flotte,2
donner,2
phare,2
britannique,2
meilleur,2
tennis,2
mention,2
corée,2
jeu,2
chanson,2
entier,2
établissement,2
commandement,2
grande,2
manche,2
matin,2
animaux,2
tourisme,2
née,2
bout,2
américains,2
contrôle,2
amis,2
américain,2
espèce,2
apparition,2
unités,2
moyens,2
décembre,2
cause,2
hôtel,3
train,3
afrique,3
rendu,3
peintre,3
marché,3
personnages,3
pyrénées,3
ailleurs,3
objet,3
lac,3
lois,3
poste,3
lecture,3
performance,3
suède,3
col,3
pierres,3
rugby,3
parents,3
glace,3
notion,3
the,3
académie,3
portugal,3
tours,3
relation,3
secrétaire,3
francisco,3
existence,3
cas,3
protection,3
protéger,3
retourne,3
dessin,3
professeur,3
ici,3
mode,3
activité,3
voie,3
actif,3
disparu,3
donne,3
personnage,3
environnement,3
festival,3
film,3
constitution,3
style,3
inde,3
département,3
planète,3
éducation,3
camp,3
termes,3
volonté,3
nouvelle,3
magazine,3
acteur,3
correspondant,3
objets,3
absence,3
moment,3
procès,3
autant,3
vue,3
tiers,3
monument,3
national,3
arts,3
lille,3
dynastie,3
forte,3
août,3
capable,3
guitare,3
initiative,3
propriétaire,3
nom,3
lancer,3
rang,3
qualité,3
nationale,3
pacifique,3
docteur,3
élection,3
identité,3
montre,3
capacité,3
magnitude,3
sommet,3
événement,3
hockey,3
passe,3
moteur,3
bourgogne,4
type,4
phénomène,4
types,4
génération,4
classique,4
fonctions,4
frontière,4
vierge,4
york,4
extension,4
fonction,4
salles,4
base,4
éléments,4
création,4
monte,4
chicago,4
dernier,4
vision,4
appareil,4
éditeur,4
port,4
créer,4
ouest,4
abbaye,4
élément,4
légende,4
réseau,4
révolution,4
spécifique,4
fleuve,4
campagne,4
lyon,4
seine,4
denis,4
solution,4
éditions,4
sénat,5
basse,5
berlin,5
noire,5
comté,5
new,5
canton,5
salle,5
historique,5
terrain,5
république,5
construction,5
mariage,5
parc,5
tentative,5
royal,5
croissance,5
pays,5
madrid,5
john,5
cœur,5
conseiller,5
petit,5
promotion,5
enfant,5
réserve,5
vivre,5
finale,5
nouveau,5
famille,5
critique,5
face,5
champions,5
principal,5
localité,5
milieu,5
latin,5
chaîne,5
frère,5
rue,5
disney,5
nuit,5
single,5
aide,5
fille,5
critiques,5
historiques,5
marque,5
surface,5
côte,5
vincent,5
uni,5
site,5
romans,5
lycée,5
instruments,5
civil,5
gaz,5
minutes,5
code,5
montagne,5
fondation,5
vitesse,5
ball,5
agricole,5
bourg,5
mis,5
table,5
ciel,5
rive,5
amérique,5
pied,5
futur,5
septembre,5
bronze,5
matchs,5
poids,5
score,5
vert,5
espagne,5
vieux,5
catégorie,5
peinture,5
barrage,5
signe,5
incendie,5
seigneur,5
petite,5
chose,5
française,5
olympiques,5
laurent,5
match,5
orientale,5
histoire,5
vite,5
coup,5
valeurs,5
loi,5
riche,5
français,5
normandie,5
science,5
indépendance,5
période,5
agent,5
fondé,5
central,5
travers,5
colonel,5
fête,5
puissance,5
essentiel,5
température,5
valeur,5
bas,5
religieuse,5
zone,5
cabinet,5
trafic,5
bonne,5
télévision,5
mari,5
nature,5
maroc,5
recherche,5
romain,5
lien,5
essai,5
programme,5
porter,5
alpes,5
cours,5
nicolas,5
andré,5
lumière,5
avocat,5
olympique,5
avion,5
mission,5
section,5
richard,6
asie,6
régime,6
producteur,6
propriété,6
journal,6
courses,6
mémoire,6
orient,6
siècle,6
duo,6
palais,6
interprète,6
marche,6
sociétés,6
bruxelles,6
revue,6
rome,6
théâtre,6
grand,6
guerre,6
fil,6
marseille,6
réforme,6
court,6
année,6
administration,6
autonome,6
école,6
société,6
institutions,6
marc,6
stade,6
commune,6
héros,6
robert,6
seconde,6
europe,6
sort,6
simon,6
label,6
origine,6
roger,6
place,6
carrière,6
sol,6
départ,6
administrative,6
contexte,6
journée,6
cour,6
prêtre,6
for,6
méthodes,6
grandes,6
courte,6
homme,6
modèle,6
ville,6
atelier,6
biens,6
feu,6
canal,6
second,6
mont,6
bureau,6
chine,6
jour,6
temple,6
politique,6
terme,6
santa,6
long,6
note,6
charge,6
mars,6
division,6
bataille,6
animal,6
opéra,6
bretagne,6
structure,6
univers,6
champion,6
général,6
lieu,6
napoléon,6
aire,6
demi,6
maire,6
reprise,6
rhône,6
city,6
tête,6
gauche,6
fédération,6
genève,6
méthode,6
voyageurs,6
pêche,6
georges,6
porte,6
caractéristiques,6
radio,6
françois,6
mines,6
domaine,6
plante,6
gros,6
soir,6
heure,6
bordeaux,6
comte,6
piano,6
reine,6
voyage,6
vienne,6
raison,6
adaptation,6
course,6
lance,6
série,6
droits,6
arrière,6
architecture,6
alexandre,6
capitaine,6
séries,6
droit,6
chœur,6
russie,6
michel,6
villa,6
grands,6
mots,6
gagne,6
mesure,6
naissance,6
structures,6
accident,6
loire,6
lieux,6
juillet,6
mot,6
travail,7
phase,7
état,7
demande,7
château,7
provence,7
val,7
arc,7
bernard,7
milan,7
centre,7
dieu,7
processus,7
ensemble,7
office,7
défense,7
martin,7
dos,7
liberté,7
charles,7
cap,7
auguste,7
cheval,7
président,7
george,7
suisse,7
force,7
baron,7
anne,7
beau,7
cathédrale,7
règles,7
livre,7
mort,7
chasse,7
montréal,7
mer,7
bord,7
matériel,7
sang,7
super,7
star,7
principe,7
juan,7
park,7
novembre,7
pierre,7
siège,7
thomas,7
fer,7
blanche,7
étoile,7
michael,7
chute,7
pouvoirs,7
pouvoir,7
paris,7
père,7
duc,7
prix,7
bus,7
printemps,7
âge,7
secteur,7
situation,7
paul,7
page,7
branche,7
champ,7
route,7
taille,7
vent,7
rivière,7
coupe,7
fin,7
rock,7
atlantique,7
solo,7
forces,7
bois,7
forêts,7
josé,7
libération,7
rapide,7
pilote,7
ami,7
forêt,7
fils,7
fusion,7
hall,7
liste,7
plateau,7
restauration,7
vie,8
date,8
peter,8
associations,8
chemin,8
main,8
jacques,8
strasbourg,8
terre,8
air,8
angle,8
jack,8
ferme,8
passage,8
cycle,8
somme,8
tournoi,8
privée,8
point,8
congrès,8
music,8
février,8
réunion,8
smith,8
ressources,8
ligne,8
axe,8
caractère,8
aspect,8
mai,8
commerce,8
garde,8
savoie,8
jean,8
vallée,8
résidence,8
image,8
vis,8
henri,8
irlande,8
jules,8
albert,8
louis,8
pape,8
village,8
nord,8
vrai,8
baptiste,8
collège,8
lieutenant,8
maria,8
saint,8
alain,8
plans,8
services,8
officier,8
convention,8
justice,8
antoine,8
rouge,8
privé,8
toulouse,8
cardinal,8
guy,8
soleil,8
association,8
exposition,8
cercle,8
plaine,8
partie,8
femme,8
bras,8
patrimoine,8
victoire,8
enquête,8
van,8
jeunesse,8
plan,8
titulaire,8
tour,8
chevalier,8
service,8
college,8
culture,9
salon,9
contact,9
rose,9
cité,9
attaque,9
maurice,9
accord,9
dame,9
combat,9
rio,9
chapelle,9
indépendant,9
romaine,9
christ,9
carte,9
bon,9
henry,9
ordre,9
marine,9
victor,9
intervention,9
rapport,9
compagnie,9
économie,9
cartes,9
tom,9
daniel,9
appel,9
usage,9
chef,9
standard,9
change,9
christian,9
rené,9
résistance,9
frédéric,9
grâce,9
échelle,9
sources,9
industrie,9
janvier,9
ennemi,9
source,9
argent,9
californie,9
contrat,9
conception,9
joseph,9
présent,9
nef,9
sud,9
consommation,9
maison,9
fort,9
ligue,9
masse,10
catherine,10
conseil,10
arthur,10
humaine,10
hauts,10
concept,10
tendance,10
humains,10
édouard,10
avril,10
guillaume,10
del,10
expression,10
traitement,10
groupe,10
mouvement,10
traverse,10
hauteur,10
pointe,10
empereur,10
belle,10
canada,10
projet,10
marin,10
hautes,10
mouvements,10
classe,10
édition,10
front,10
marins,10
couronne,10
haute,10
juin,10
empire,10
classes,10
voix,10
courant,10
humain,10
roman,10
union,11
léon,11
jésus,11
développe,11
arbre,11
expérience,11
station,11
développement,11
alliance,11
vol,11
reconnaissance,11
secret,11
capitale,11
mur,11
jeanne,11
reconnu,11
noir,11
philippe,11
distribution,11
marcel,11
james,11
double,11
france,11
évolution,11
stations,11
crise,11
autorité,11
octobre,11
corps,11
juste,11
raymond,12
david,12
personnes,12
maître,12
chambre,12
action,12
légion,12
manuel,12
actions,12
énergie,12
personnel,12
orléans,12
washington,12
black,12
sens,12
william,12
claude,13
jardin,13
police,13
marie,13
blancs,13
ben,13
blanc,13
bassin,13
comédie,13
libre,13
prince,13
pont,14
partage,14
israël,14
bleu,14
eau,15
croix,15
world,15
renaissance,15
don,17
amour,18
conflit,18
dispute,18
